"authors name", "url", "scripts"
"inDarkness", "https://greasyfork.org/en/users/18978-indarkness", "24" 
"FlareZ Gaming", "https://greasyfork.org/en/users/198860-flarez-gaming", "3" 
"qxin i", "https://greasyfork.org/en/users/106222-qxin-i", "3" 
"xsyhnb", "https://greasyfork.org/en/users/386432-xsyhnb", "7" 
"GuedesF", "https://greasyfork.org/en/users/661388-guedesf", "1" 
"3142 mapleMOD", "https://greasyfork.org/en/users/72365-3142-maple", "28" 
"ankvps", "https://greasyfork.org/en/users/291050-ankvps", "1" 
"KRUNKERGODBANNED", "https://greasyfork.org/en/users/295984-krunkergod", "1" 
"-XsR- S", "https://greasyfork.org/en/users/570740-xsr-s", "1" 
"Cangshi", "https://greasyfork.org/en/users/216344-cangshi", "5" 
"hoothin", "https://greasyfork.org/en/users/8227-hoothin", "26" 
"Zion S", "https://greasyfork.org/en/users/475184-zion-s", "1" 
"Punisher", "https://greasyfork.org/en/users/152924-punisher", "2" 
"Jixun.MoeMOD", "https://greasyfork.org/en/users/44-jixun-moe", "78" 
"Olmn Olmn", "https://greasyfork.org/en/users/667164-olmn-olmn", "1" 
"Cat73", "https://greasyfork.org/en/users/20812-cat73", "2" 
"jaeger", "https://greasyfork.org/en/users/7267-jaeger", "6" 
"Ahaochan", "https://greasyfork.org/en/users/30831-ahaochan", "8" 
"Bit sands.ioBANNED", "https://greasyfork.org/en/users/663151-bit-sands-io", "5" 
"Nuro-devBANNED", "https://greasyfork.org/en/users/598910-nuro-dev", "5" 
"Noah Gerard", "https://greasyfork.org/en/users/431654-noah-gerard", "1" 
"Sam-DevZ", "https://greasyfork.org/en/users/171504-sam-devz", "2" 
"Sunrise at sea", "https://greasyfork.org/en/users/560457-sunrise-at-sea", "1" 
"ts", "https://greasyfork.org/en/users/198-ts", "3" 
"vSimplyKazam", "https://greasyfork.org/en/users/547351-vsimplykazam", "1" 
"Aiden Ryu", "https://greasyfork.org/en/users/394609-aiden-ryu", "1" 
"YouFoundVictor", "https://greasyfork.org/en/users/469144-youfoundvictor", "3" 
"vince_ding", "https://greasyfork.org/en/users/168850-vince-ding", "5" 
"Melting Ice", "https://greasyfork.org/en/users/291324-melting-ice", "1" 
"James BJR", "https://greasyfork.org/en/users/458249-james-bjr", "1" 
"reek", "https://greasyfork.org/en/users/705-reek", "5" 
"TigerYT", "https://greasyfork.org/en/users/137913-tigeryt", "29" 
"Lain inVerse", "https://greasyfork.org/en/users/899-lain-inverse", "20" 
"Jaime Argila", "https://greasyfork.org/en/users/170632-jaime-argila", "5" 
"Cazka", "https://greasyfork.org/en/users/541070-cazka", "1" 
"HayaoGai", "https://greasyfork.org/en/users/295319-hayaogai", "19" 
"qsniyg", "https://greasyfork.org/en/users/105271-qsniyg", "10" 
"notKaiAnderson", "https://greasyfork.org/en/users/374513-notkaianderson", "1" 
"JohnnyRS", "https://greasyfork.org/en/users/6406-johnnyrs", "7" 
"TSM_BlackMonkey", "https://greasyfork.org/en/users/278960-tsm-blackmonkey", "1" 
"brendan sides", "https://greasyfork.org/en/users/198890-brendan-sides", "1" 
"clso", "https://greasyfork.org/en/users/2646-clso", "5" 
"devnoname120", "https://greasyfork.org/en/users/4531-devnoname120", "3" 
"jimboy3100", "https://greasyfork.org/en/users/128990-jimboy3100", "7" 
"andywang", "https://greasyfork.org/en/users/651138-andywang", "1" 
"HOPETIME", "https://greasyfork.org/en/users/307338-hopetime", "2" 
"harith cheong", "https://greasyfork.org/en/users/571197-harith-cheong", "1" 
"Grenade Vault", "https://greasyfork.org/en/users/665860-grenade-vault", "3" 
"dingar", "https://greasyfork.org/en/users/3778-dingar", "2" 
"VA", "https://greasyfork.org/en/users/20822-va", "3" 
"Ghivnee", "https://greasyfork.org/en/users/196950-ghivnee", "2" 
"Twiries", "https://greasyfork.org/en/users/471907-twiries", "4" 
"mach6MOD", "https://greasyfork.org/en/users/32861-mach6", "7" 
"n0thing", "https://greasyfork.org/en/users/90770-n0thing", "4" 
"Ê±üÈéßÊæ§", "https://greasyfork.org/en/users/232160-%E6%B1%9F%E9%8E%A7%E6%BE%A4", "1" 
"HueHanaejistla! Inc.", "https://greasyfork.org/en/users/303221-huehanaejistla-inc", "4" 
"kio", "https://greasyfork.org/en/users/157109-kio", "1" 
"can tunc", "https://greasyfork.org/en/users/618906-can-tunc", "9" 
"Minecraft And Roblox", "https://greasyfork.org/en/users/145673-minecraft-and-roblox", "1" 
"Trystan", "https://greasyfork.org/en/users/434359-trystan", "2" 
"Speedy9", "https://greasyfork.org/en/users/571721-speedy9", "3" 
"ÂÜªÁå´", "https://greasyfork.org/en/users/850-%E5%86%BB%E7%8C%AB", "7" 
"Coorain", "https://greasyfork.org/en/users/622764-coorain", "1" 
"hostname", "https://greasyfork.org/en/users/37977-hostname", "1" 
"John Taxmi", "https://greasyfork.org/en/users/188877-john-taxmi", "1" 
"J. F√°bregas", "https://greasyfork.org/en/users/179542-j-f%C3%A1bregas", "2" 
"daniele_veneno", "https://greasyfork.org/en/users/572366-daniele-veneno", "1" 
"ocrosoft", "https://greasyfork.org/en/users/63073-ocrosoft", "3" 
"legnaleurc", "https://greasyfork.org/en/users/1560-legnaleurc", "3" 
"Nears", "https://greasyfork.org/en/users/114127-nears", "2" 
"AkfamboysBANNED", "https://greasyfork.org/en/users/506519-akfamboys", "1" 
"emble jp", "https://greasyfork.org/en/users/238174-emble-jp", "3" 
"bxnkss", "https://greasyfork.org/en/users/183433-bxnkss", "1" 
"AlekPet", "https://greasyfork.org/en/users/99182-alekpet", "7" 
"Noob Everything", "https://greasyfork.org/en/users/661115-noob-everything", "1" 
"Kadauchi", "https://greasyfork.org/en/users/11580-kadauchi", "38" 
"ItzWhilma112", "https://greasyfork.org/en/users/633770-itzwhilma112", "4" 
"Swyter", "https://greasyfork.org/en/users/4813-swyter", "33" 
"mofiter", "https://greasyfork.org/en/users/197659-mofiter", "7" 
"Cptmathix", "https://greasyfork.org/en/users/16080-cptmathix", "37" 
"ThisPoorGuy", "https://greasyfork.org/en/users/163167-thispoorguy", "1" 
"FusionBonnie YT", "https://greasyfork.org/en/users/410537-fusionbonnie-yt", "1" 
"tuxuuman", "https://greasyfork.org/en/users/153300-tuxuuman", "17" 
"IHAVEAREALLYLONGNICKNAME", "https://greasyfork.org/en/users/201982-ihaveareallylongnickname", "4" 
"TheRealS13", "https://greasyfork.org/en/users/313865-thereals13", "1" 
"Cyber00 TimeBom34", "https://greasyfork.org/en/users/317603-cyber00-timebom34", "1" 
"Sea", "https://greasyfork.org/en/users/326288-sea", "2" 
"TayTakeOff Plays", "https://greasyfork.org/en/users/196741-taytakeoff-plays", "2" 
"d-haxton", "https://greasyfork.org/en/users/323241-d-haxton", "1" 
"fuzetsu", "https://greasyfork.org/en/users/647-fuzetsu", "10" 
"Saiko", "https://greasyfork.org/en/users/421633-saiko", "1" 
"1c7", "https://greasyfork.org/en/users/5711-1c7", "3" 
"ParticleCore", "https://greasyfork.org/en/users/8223-particlecore", "2" 
"b _MAD", "https://greasyfork.org/en/users/547300-b-mad", "1" 
"MetaHumanHacks", "https://greasyfork.org/en/users/662462-metahumanhacks", "1" 
"xmlspy", "https://greasyfork.org/en/users/23795-xmlspy", "4" 
"adipiciu", "https://greasyfork.org/en/users/6214-adipiciu", "3" 
"DragonMaid", "https://greasyfork.org/en/users/448067-dragonmaid", "1" 
"Fugiman", "https://greasyfork.org/en/users/134766-fugiman", "3" 
"Gamer_boi 98BANNED", "https://greasyfork.org/en/users/552432-gamer-boi-98", "3" 
"Lerbhe", "https://greasyfork.org/en/users/601502-lerbhe", "1" 
"sickness", "https://greasyfork.org/en/users/20661-sickness", "28" 
"Fijeron", "https://greasyfork.org/en/users/587451-fijeron", "2" 
"Bogudan", "https://greasyfork.org/en/users/599671-bogudan", "1" 
"kuehlschrank", "https://greasyfork.org/en/users/12-kuehlschrank", "6" 
"Emerald Gaming", "https://greasyfork.org/en/users/166115-emerald-gaming", "1" 
"Leandro7", "https://greasyfork.org/en/users/319372-leandro7", "2" 
"–ó–∞—á–µ–º —Ç—ã –¥–æ–≤–æ–¥–∏—à—å –º–µ–Ω—è?", "https://greasyfork.org/en/users/552226-%D0%B7%D0%B0%D1%87%D0%B5%D0%BC-%D1%82%D1%8B-%D0%B4%D0%BE%D0%B2%D0%BE%D0%B4%D0%B8%D1%88%D1%8C-%D0%BC%D0%B5%D0%BD%D1%8F", "3" 
"jakecrowley", "https://greasyfork.org/en/users/500647-jakecrowley", "1" 
"partment", "https://greasyfork.org/en/users/310437-partment", "4" 
"LoLxBoi", "https://greasyfork.org/en/users/170259-lolxboi", "1" 
"jtojanen", "https://greasyfork.org/en/users/428771-jtojanen", "2" 
"DarksRising", "https://greasyfork.org/en/users/434428-darksrising", "1" 
"Cody Webb", "https://greasyfork.org/en/users/570204-cody-webb", "7" 
"johnsnowiskill", "https://greasyfork.org/en/users/49115-johnsnowiskill", "2" 
"DonovanM", "https://greasyfork.org/en/users/3408-donovanm", "6" 
"PacyTenseBANNED", "https://greasyfork.org/en/users/458666-pacytense", "2" 
"Jefferson Scher", "https://greasyfork.org/en/users/197-jefferson-scher", "46" 
"Tom BurrisBANNED", "https://greasyfork.org/en/users/38339-tom-burris", "2" 
"Max Donut", "https://greasyfork.org/en/users/46990-max-donut", "1" 
"wulududu", "https://greasyfork.org/en/users/430543-wulududu", "1" 
"JayXon", "https://greasyfork.org/en/users/8595-jayxon", "1" 
"xterjanq", "https://greasyfork.org/en/users/57018-xterjanq", "4" 
"Nick Nack", "https://greasyfork.org/en/users/289014-nick-nack", "1" 
"Ultra...", "https://greasyfork.org/en/users/666082-ultra", "1" 
"windingwind", "https://greasyfork.org/en/users/448454-windingwind", "2" 
"spmbt", "https://greasyfork.org/en/users/2323-spmbt", "12" 
"123Void123", "https://greasyfork.org/en/users/81850-123void123", "11" 
"sincostandx", "https://greasyfork.org/en/users/171198-sincostandx", "5" 
"Perussi", "https://greasyfork.org/en/users/128061-perussi", "6" 
"bobby013712345", "https://greasyfork.org/en/users/437577-bobby013712345", "1" 
"Hacker5298", "https://greasyfork.org/en/users/564997-hacker5298", "2" 
"Adonis.", "https://greasyfork.org/en/users/582275-adonis", "1" 
"DaÃ∂rkSn√∏w„ÇΩ", "https://greasyfork.org/en/users/663325-da-rksn%C3%B8w%E3%82%BD", "1" 
"StephenP", "https://greasyfork.org/en/users/104167-stephenp", "18" 
"Robin Findley", "https://greasyfork.org/en/users/5859-robin-findley", "27" 
"EisenStein", "https://greasyfork.org/en/users/136230-eisenstein", "14" 
"ÊàëÊòØËÑÜÈ§ÖI'M CHAMPION", "https://greasyfork.org/en/users/101003-%E6%88%91%E6%98%AF%E8%84%86%E9%A4%85i-m-champion", "1" 
"PapaLoutsas", "https://greasyfork.org/en/users/239363-papaloutsas", "6" 
"NURMUHAMAD BIN ABDULLAH -", "https://greasyfork.org/en/users/396911-nurmuhamad-bin-abdullah", "1" 
"LuminexT.", "https://greasyfork.org/en/users/432026-luminext", "1" 
"Kristie Costa", "https://greasyfork.org/en/users/462485-kristie-costa", "1" 
"Cheese Cake", "https://greasyfork.org/en/users/309224-cheese-cake", "1" 
"Rexit Official", "https://greasyfork.org/en/users/374714-rexit-official", "2" 
"indream", "https://greasyfork.org/en/users/2519-indream", "1" 
"JamzaSK", "https://greasyfork.org/en/users/153384-jamzask", "1" 
"szymy", "https://greasyfork.org/en/users/36950-szymy", "2" 
"FuriousMillzXstar Millie", "https://greasyfork.org/en/users/84639-furiousmillzxstar-millie", "1" 
"MeoWffle CAT", "https://greasyfork.org/en/users/220570-meowffle-cat", "1" 
"nastavnik", "https://greasyfork.org/en/users/298809-nastavnik", "4" 
"Developer-PS", "https://greasyfork.org/en/users/309263-developer-ps", "1" 
"victornpb", "https://greasyfork.org/en/users/663480-victornpb", "1" 
"Lazza", "https://greasyfork.org/en/users/2482-lazza", "20" 
"Tom Robert", "https://greasyfork.org/en/users/7962-tom-robert", "19" 
"nokeya", "https://greasyfork.org/en/users/25881-nokeya", "1" 
"nekosan", "https://greasyfork.org/en/users/116235-nekosan", "9" 
"KrunkerHackk", "https://greasyfork.org/en/users/660917-krunkerhackk", "1" 
"GSRHackZBANNED", "https://greasyfork.org/en/users/388154-gsrhackz", "17" 
"PeratX", "https://greasyfork.org/en/users/440947-peratx", "1" 
"ÈòøÊò≠", "https://greasyfork.org/en/users/282213-%E9%98%BF%E6%98%AD", "3" 
"AB C", "https://greasyfork.org/en/users/55795-ab-c", "2" 
"Siuker", "https://greasyfork.org/en/users/96611-siuker", "1" 
"Eugene Nouvellieu", "https://greasyfork.org/en/users/475-eugene-nouvellieu", "3" 
"Lorenzo Vazquez", "https://greasyfork.org/en/users/174843-lorenzo-vazquez", "2" 
"Jeffrey Deng", "https://greasyfork.org/en/users/129338-jeffrey-deng", "5" 
"nhyone", "https://greasyfork.org/en/users/5882-nhyone", "2" 
"HackmasterDMDTM", "https://greasyfork.org/en/users/170851-hackmasterdmdtm", "1" 
"Ginfio", "https://greasyfork.org/en/users/522000-ginfio", "4" 
"L.Xavier", "https://greasyfork.org/en/users/128493-l-xavier", "1" 
"fiveplusone", "https://greasyfork.org/en/users/4606-fiveplusone", "2" 
"AnnAngela", "https://greasyfork.org/en/users/129402-annangela", "7" 
"Bruise", "https://greasyfork.org/en/users/168650-bruise", "1" 
"OTXBOT", "https://greasyfork.org/en/users/313189-otxbot", "1" 
"Pixmi", "https://greasyfork.org/en/users/45818-pixmi", "3" 
"IDK.exe", "https://greasyfork.org/en/users/570234-idk-exe", "5" 
"TheRiverElder", "https://greasyfork.org/en/users/242624-theriverelder", "1" 
"ZhiYu_", "https://greasyfork.org/en/users/663650-zhiyu", "2" 
"hiroaki", "https://greasyfork.org/en/users/3197-hiroaki", "1" 
"kufii", "https://greasyfork.org/en/users/649-kufii", "39" 
"giuseppe-dandrea", "https://greasyfork.org/en/users/157483-giuseppe-dandrea", "4" 
"qq3687524", "https://greasyfork.org/en/users/142553-qq3687524", "1" 
"Frostynuts77", "https://greasyfork.org/en/users/164934-frostynuts77", "1" 
"„ÉÑFoxizin", "https://greasyfork.org/en/users/294229-%E3%83%84foxizin", "1" 
"Skid Lamer", "https://greasyfork.org/en/users/430904-skid-lamer", "2" 
"Black Rabbit", "https://greasyfork.org/en/users/442842-black-rabbit", "2" 
"silverdotware", "https://greasyfork.org/en/users/469563-silverdotware", "1" 
"Sebastian MajBANNED", "https://greasyfork.org/en/users/505987-sebastian-maj", "1" 
"szdailei@gmail.com", "https://greasyfork.org/en/users/558709-szdailei-gmail-com", "1" 
"709924470", "https://greasyfork.org/en/users/283637-709924470", "1" 
"Casual Blob", "https://greasyfork.org/en/users/24881-casual-blob", "2" 
"Michael Marsh", "https://greasyfork.org/en/users/87891-michael-marsh", "1" 
"Aerith", "https://greasyfork.org/en/users/161316-aerith", "1" 
"Eric Lua", "https://greasyfork.org/en/users/152711-eric-lua", "4" 
"dark dakotaz", "https://greasyfork.org/en/users/311868-dark-dakotaz", "1" 
"Achernar", "https://greasyfork.org/en/users/435938-achernar", "8" 
"Guava_Thrower", "https://greasyfork.org/en/users/662330-guava-thrower", "3" 
"jackdizhu", "https://greasyfork.org/en/users/188454-jackdizhu", "5" 
"Inserio", "https://greasyfork.org/en/users/11878-inserio", "4" 
"Absolute", "https://greasyfork.org/en/users/71477-absolute", "1" 
"Tithen-Firion", "https://greasyfork.org/en/users/15883-tithen-firion", "3" 
"A D", "https://greasyfork.org/en/users/128769-a-d", "3" 
"eskander", "https://greasyfork.org/en/users/152412-eskander", "6" 
"WestleyM", "https://greasyfork.org/en/users/193865-westleym", "2" 
"q1k", "https://greasyfork.org/en/users/1262-q1k", "6" 
"757_jamie", "https://greasyfork.org/en/users/245298-757-jamie", "1" 
"Green Hell", "https://greasyfork.org/en/users/248390-green-hell", "1" 
"OZS", "https://greasyfork.org/en/users/301861-ozs", "3" 
"196", "https://greasyfork.org/en/users/320462-196", "1" 
"StarHao", "https://greasyfork.org/en/users/330002-starhao", "2" 
"MinimibyFelix", "https://greasyfork.org/en/users/373247-minimibyfelix", "1" 
"CosmosisT", "https://greasyfork.org/en/users/395685-cosmosist", "3" 
"feihtality", "https://greasyfork.org/en/users/12709-feihtality", "6" 
"Victor Ferrin", "https://greasyfork.org/en/users/177278-victor-ferrin", "1" 
"wizos", "https://greasyfork.org/en/users/219386-wizos", "1" 
"AgarMinions.tk 2019 Bots", "https://greasyfork.org/en/users/252171-agarminions-tk-2019-bots", "1" 
"Vitor Diniz", "https://greasyfork.org/en/users/303390-vitor-diniz", "1" 
"David1327", "https://greasyfork.org/en/users/323892-david1327", "3" 
"Efe Zeybek", "https://greasyfork.org/en/users/371333-efe-zeybek", "1" 
"gggccc", "https://greasyfork.org/en/users/4307-gggccc", "1" 
"IAN", "https://greasyfork.org/en/users/396209-ian", "1" 
"Vaughn CawisBANNED", "https://greasyfork.org/en/users/233826-vaughn-cawis", "2" 
"MetaRobotHacks", "https://greasyfork.org/en/users/663589-metarobothacks", "1" 
"xinggsf", "https://greasyfork.org/en/users/7036-xinggsf", "12" 
"TheBone _", "https://greasyfork.org/en/users/174601-thebone", "5" 
"hz2", "https://greasyfork.org/en/users/89722-hz2", "6" 
"despecial", "https://greasyfork.org/en/users/22708-despecial", "1" 
"ËÉ°‰∏≠ÂÖÉ", "https://greasyfork.org/en/users/19299-%E8%83%A1%E4%B8%AD%E5%85%83", "11" 
"xuejianxianzun", "https://greasyfork.org/en/users/59481-xuejianxianzun", "11" 
"BackRunner", "https://greasyfork.org/en/users/70902-backrunner", "18" 
"davidbailey00", "https://greasyfork.org/en/users/14215-davidbailey00", "6" 
"IceHacks", "https://greasyfork.org/en/users/172812-icehacks", "2" 
"brahimcars", "https://greasyfork.org/en/users/228526-brahimcars", "2" 
"Nathaniel Woodcock", "https://greasyfork.org/en/users/230385-nathaniel-woodcock", "1" 
"Nisyyy", "https://greasyfork.org/en/users/242126-nisyyy", "6" 
"Oyun manyaklarƒ±BANNED", "https://greasyfork.org/en/users/322971-oyun-manyaklar%C4%B1", "5" 
"Start of End", "https://greasyfork.org/en/users/318567-start-of-end", "2" 
"tropicalicx", "https://greasyfork.org/en/users/394597-tropicalicx", "1" 
"„ÅÇ„Åª„ÅΩ„ÇìÊïôBANNED", "https://greasyfork.org/en/users/433995-%E3%81%82%E3%81%BB%E3%81%BD%E3%82%93%E6%95%99", "1" 
"Sagek Sk", "https://greasyfork.org/en/users/406674-sagek-sk", "4" 
"TideSwagger", "https://greasyfork.org/en/users/462507-tideswagger", "1" 
"YOE EZEL", "https://greasyfork.org/en/users/503406-yoe-ezel", "3" 
"Lemons", "https://greasyfork.org/en/users/71085-lemons", "5" 
"Mempo", "https://greasyfork.org/en/users/13665-mempo", "24" 
"Brendan Tadlock", "https://greasyfork.org/en/users/133920-brendan-tadlock", "1" 
"MeowOofMeow123", "https://greasyfork.org/en/users/217719-meowoofmeow123", "1" 
"cihan ay", "https://greasyfork.org/en/users/365086-cihan-ay", "1" 
"ItzMafiaYT", "https://greasyfork.org/en/users/230914-itzmafiayt", "2" 
"", "https://greasyfork.org/en/users/387112", "0" 
"Thiago Rodrigo", "https://greasyfork.org/en/users/451380-thiago-rodrigo", "1" 
"Pashka", "https://greasyfork.org/en/users/476081-pashka", "1" 
"SN-Koarashi (5026)", "https://greasyfork.org/en/users/577344-sn-koarashi-5026", "2" 
"Rorg314", "https://greasyfork.org/en/users/583382-rorg314", "2" 
"Alhaitham", "https://greasyfork.org/en/users/657-alhaitham", "12" 
"Êµ¥ÁÅ´Âá§Âá∞", "https://greasyfork.org/en/users/289205-%E6%B5%B4%E7%81%AB%E5%87%A4%E5%87%B0", "6" 
"Find", "https://greasyfork.org/en/users/2998-find", "2" 
"Thathanka Iyothanka", "https://greasyfork.org/en/users/13941-thathanka-iyothanka", "1" 
"meatman2tasty stranger3003", "https://greasyfork.org/en/users/56655-meatman2tasty-stranger3003", "28" 
"Dominik21213124", "https://greasyfork.org/en/users/164290-dominik21213124", "1" 
"Quintec Music", "https://greasyfork.org/en/users/191271-quintec-music", "2" 
"Grayson Gilmore", "https://greasyfork.org/en/users/219812-grayson-gilmore", "1" 
"Samira", "https://greasyfork.org/en/users/322398-samira", "4" 
"mauris meenbekBANNED", "https://greasyfork.org/en/users/397590-mauris-meenbek", "2" 
"TimeBomb", "https://greasyfork.org/en/users/160017-timebomb", "3" 
"Williemae Hindman", "https://greasyfork.org/en/users/533447-williemae-hindman", "1" 
"[AS] Kurumi", "https://greasyfork.org/en/users/557980-as-kurumi", "1" 
"YUYH", "https://greasyfork.org/en/users/394201-yuyh", "3" 
"Gaston#9819", "https://greasyfork.org/en/users/472665-gaston-9819", "6" 
"FD", "https://greasyfork.org/en/users/10328-fd", "1" 
"Micha≈Ç GƒÖtkowski", "https://greasyfork.org/en/users/5507-micha%C5%82-g%C4%85tkowski", "2" 
"Chappell", "https://greasyfork.org/en/users/29053-chappell", "3" 
"ÊñáÁßëMOD", "https://greasyfork.org/en/users/54-%E6%96%87%E7%A7%91", "25" 
"sin250", "https://greasyfork.org/en/users/21013-sin250", "1" 
"Ne0", "https://greasyfork.org/en/users/2811-ne0", "2" 
"adisib", "https://greasyfork.org/en/users/41831-adisib", "2" 
"scriptzxxx", "https://greasyfork.org/en/users/119655-scriptzxxx", "1" 
"Arnie97", "https://greasyfork.org/en/users/63628-arnie97", "6" 
"Anveio", "https://greasyfork.org/en/users/153512-anveio", "1" 
"Ksir", "https://greasyfork.org/en/users/149216-ksir", "8" 
"iHasWaffle s", "https://greasyfork.org/en/users/187337-ihaswaffle-s", "1" 
"youtube download", "https://greasyfork.org/en/users/215390-youtube-download", "1" 
"Kaden Baker", "https://greasyfork.org/en/users/174310-kaden-baker", "8" 
"Kumirei", "https://greasyfork.org/en/users/105717-kumirei", "55" 
"Drpxx", "https://greasyfork.org/en/users/379466-drpxx", "1" 
"StrangeT", "https://greasyfork.org/en/users/426978-stranget", "1" 
"clemente", "https://greasyfork.org/en/users/53108-clemente", "9" 
"ËèúÂß¨", "https://greasyfork.org/en/users/558628-%E8%8F%9C%E5%A7%AC", "5" 
"yc passion", "https://greasyfork.org/en/users/416511-yc-passion", "2" 
"BoTGG", "https://greasyfork.org/en/users/596147-botgg", "1" 
"TeaDude", "https://greasyfork.org/en/users/564571-teadude", "3" 
"Mina Sowiha", "https://greasyfork.org/en/users/661543-mina-sowiha", "1" 
"knoa", "https://greasyfork.org/en/users/78927-knoa", "34" 
"NeKross", "https://greasyfork.org/en/users/663305-nekross", "1" 
"flowscript", "https://greasyfork.org/en/users/158563-flowscript", "6" 
"Shinobu Oshino", "https://greasyfork.org/en/users/367017-shinobu-oshino", "1" 
"FlandreKawaii", "https://greasyfork.org/en/users/16644-flandrekawaii", "9" 
"Haruka", "https://greasyfork.org/en/users/15413-haruka", "6" 
"SnowLord7", "https://greasyfork.org/en/users/129328-snowlord7", "1" 
"ÈªÑÁõê", "https://greasyfork.org/en/users/104201-%E9%BB%84%E7%9B%90", "31" 
"Dekpiano Kaito", "https://greasyfork.org/en/users/175072-dekpiano-kaito", "3" 
"Ceyhun Topsakal", "https://greasyfork.org/en/users/190472-ceyhun-topsakal", "1" 
"Kyle James Catterall", "https://greasyfork.org/en/users/201967-kyle-james-catterall", "1" 
"Rayquaza Remix", "https://greasyfork.org/en/users/204251-rayquaza-remix", "1" 
"Jaqud", "https://greasyfork.org/en/users/232833-jaqud", "2" 
"Captcha Solutions", "https://greasyfork.org/en/users/284074-captcha-solutions", "2" 
"Dreamy", "https://greasyfork.org/en/users/311166-dreamy", "1" 
"Developer ƒ∞O", "https://greasyfork.org/en/users/295953-developer-i-o", "1" 
"Á•û‰ª£Á∂∫Âáú", "https://greasyfork.org/en/users/93186-%E7%A5%9E%E4%BB%A3%E7%B6%BA%E5%87%9C", "3" 
"Ce Zhang", "https://greasyfork.org/en/users/388908-ce-zhang", "1" 
"Diep.ro.PianoYT youtube", "https://greasyfork.org/en/users/433529-diep-ro-pianoyt-youtube", "2" 
"Afraz Jajja", "https://greasyfork.org/en/users/441068-afraz-jajja", "1" 
"WakeUp Neo", "https://greasyfork.org/en/users/146998-wakeup-neo", "3" 
"vungsung", "https://greasyfork.org/en/users/99408-vungsung", "6" 
"trophymanager.cn", "https://greasyfork.org/en/users/15590-trophymanager-cn", "4" 
"Taddiboy", "https://greasyfork.org/en/users/522821-taddiboy", "3" 
"RCC", "https://greasyfork.org/en/users/552512-rcc", "1" 
"NItro Type scripts", "https://greasyfork.org/en/users/560416-nitro-type-scripts", "3" 
"theodore", "https://greasyfork.org/en/users/650728-theodore", "1" 
"Khankare Vitthal", "https://greasyfork.org/en/users/663361-khankare-vitthal", "1" 
"Idx", "https://greasyfork.org/en/users/35-idx", "6" 
"looki", "https://greasyfork.org/en/users/673-looki", "5" 
"Deparsoul", "https://greasyfork.org/en/users/726-deparsoul", "4" 
"FunnyPocketBook", "https://greasyfork.org/en/users/151096-funnypocketbook", "17" 
"net2cn", "https://greasyfork.org/en/users/380022-net2cn", "1" 
"sSa#3399", "https://greasyfork.org/en/users/667139-ssa-3399", "0" 
"Êû´Ë∞∑Ââë‰ªô", "https://greasyfork.org/en/users/8017-%E6%9E%AB%E8%B0%B7%E5%89%91%E4%BB%99", "11" 
"condoriano", "https://greasyfork.org/en/users/21404-condoriano", "6" 
"Naryk", "https://greasyfork.org/en/users/147532-naryk", "2" 
"Hunter12345", "https://greasyfork.org/en/users/174304-hunter12345", "2" 
"Kemal palevi", "https://greasyfork.org/en/users/256686-kemal-palevi", "2" 
"The Master", "https://greasyfork.org/en/users/235937-the-master", "2" 
"Samuel Williams", "https://greasyfork.org/en/users/161694-samuel-williams", "10" 
"Adam Benson", "https://greasyfork.org/en/users/303920-adam-benson", "1" 
"Kokuro Scripts ‚úîÔ∏è", "https://greasyfork.org/en/users/313143-kokuro-scripts", "1" 
"TC √ñl√ºms√ºz", "https://greasyfork.org/en/users/307797-tc-%C3%B6l%C3%BCms%C3%BCz", "7" 
"Sinyaven", "https://greasyfork.org/en/users/317813-sinyaven", "3" 
"sakkepro1", "https://greasyfork.org/en/users/329654-sakkepro1", "1" 
"JarredYT", "https://greasyfork.org/en/users/385596-jarredyt", "1" 
"Majjik", "https://greasyfork.org/en/users/417404-majjik", "1" 
"nevocaine", "https://greasyfork.org/en/users/440271-nevocaine", "1" 
"jack850628", "https://greasyfork.org/en/users/461233-jack850628", "1" 
"DeathBlack", "https://greasyfork.org/en/users/524465-deathblack", "1" 
"007 io", "https://greasyfork.org/en/users/572796-007-io", "2" 
"wiejow", "https://greasyfork.org/en/users/665866-wiejow", "2" 
"kellywilson1990", "https://greasyfork.org/en/users/666325-kellywilson1990", "1" 
"Dodying", "https://greasyfork.org/en/users/4000-dodying", "4" 
"traycerb", "https://greasyfork.org/en/users/2890-traycerb", "3" 
"ppixiv", "https://greasyfork.org/en/users/196998-ppixiv", "1" 
"lolamtisch", "https://greasyfork.org/en/users/92233-lolamtisch", "8" 
"Taizun", "https://greasyfork.org/en/users/302197-taizun", "2" 
"zhuzemin", "https://greasyfork.org/en/users/400918-zhuzemin", "13" 
"shotgunlagoon", "https://greasyfork.org/en/users/11369-shotgunlagoon", "2" 
"tfr", "https://greasyfork.org/en/users/1473-tfr", "8" 
"Revadike", "https://greasyfork.org/en/users/13642-revadike", "48" 
"winceptor", "https://greasyfork.org/en/users/3167-winceptor", "11" 
"IRThomsonT0Ps", "https://greasyfork.org/en/users/55162-irthomsont0ps", "1" 
"westernblumi", "https://greasyfork.org/en/users/63688-westernblumi", "4" 
"SteveJobzniak", "https://greasyfork.org/en/users/67112-stevejobzniak", "4" 
"TiLied", "https://greasyfork.org/en/users/102866-tilied", "6" 
"Bakugo", "https://greasyfork.org/en/users/137114-bakugo", "3" 
"Snowlord7", "https://greasyfork.org/en/users/150094-snowlord7", "1" 
"HZ [Hero]", "https://greasyfork.org/en/users/155325-hz-hero", "2" 
"someRandomGuy", "https://greasyfork.org/en/users/117222-somerandomguy", "7" 
"Dan6erbond", "https://greasyfork.org/en/users/161169-dan6erbond", "4" 
"Duckman", "https://greasyfork.org/en/users/192585-duckman", "1" 
"hoh", "https://greasyfork.org/en/users/197406-hoh", "4" 
"Hoax017", "https://greasyfork.org/en/users/11667-hoax017", "12" 
"Êú¥ÁßÄ", "https://greasyfork.org/en/users/203557-%E6%9C%B4%E7%A7%80", "87" 
"juanpa_ Ji", "https://greasyfork.org/en/users/230640-juanpa-ji", "1" 
"u00F8", "https://greasyfork.org/en/users/221926-u00f8", "3" 
"Na", "https://greasyfork.org/en/users/236025-na", "1" 
"liquorburn", "https://greasyfork.org/en/users/47243-liquorburn", "3" 
"Cyber Avater", "https://greasyfork.org/en/users/289487-cyber-avater", "1" 
"Gamer X", "https://greasyfork.org/en/users/316629-gamer-x", "1" 
"tophf", "https://greasyfork.org/en/users/243755-tophf", "2" 
"CryptoSoerin", "https://greasyfork.org/en/users/452533-cryptosoerin", "2" 
"cheeseball", "https://greasyfork.org/en/users/460868-cheeseball", "1" 
"Pearce Jones", "https://greasyfork.org/en/users/467343-pearce-jones", "1" 
"alreadyused", "https://greasyfork.org/en/users/471939-alreadyused", "23" 
"Dauersendung", "https://greasyfork.org/en/users/444902-dauersendung", "3" 
"WumaCoder", "https://greasyfork.org/en/users/457356-wumacoder", "4" 
"‚ò£‡πñ€£€ú∆¨∆á‡ºÑ‚ò£", "https://greasyfork.org/en/users/358664-%E0%B9%96%DB%A3%DB%9C%C6%AD%C6%88", "4" 
"AIUSoft", "https://greasyfork.org/en/users/575407-aiusoft", "1" 
"Haichen (Henry) Liu", "https://greasyfork.org/en/users/575506-haichen-henry-liu", "3" 
"ryry765432102211", "https://greasyfork.org/en/users/580767-ryry765432102211", "1" 
"Cy McHargue", "https://greasyfork.org/en/users/667175-cy-mchargue", "1" 
"Zren", "https://greasyfork.org/en/users/840-zren", "21" 
"cuzi", "https://greasyfork.org/en/users/20068-cuzi", "35" 
"Milenko96", "https://greasyfork.org/en/users/3409-milenko96", "6" 
"insin", "https://greasyfork.org/en/users/33961-insin", "7" 
"ipodtouch0218", "https://greasyfork.org/en/users/665916-ipodtouch0218", "1" 
"Min", "https://greasyfork.org/en/users/3295-min", "3" 
"account-login", "https://greasyfork.org/en/users/7949-account-login", "6" 
"Daniel Jochem", "https://greasyfork.org/en/users/8935-daniel-jochem", "20" 
"tubedogg", "https://greasyfork.org/en/users/12875-tubedogg", "26" 
"VitoVan", "https://greasyfork.org/en/users/20982-vitovan", "2" 
"spieler17", "https://greasyfork.org/en/users/32455-spieler17", "2" 
"607ch00", "https://greasyfork.org/en/users/38591-607ch00", "1" 
"Phairat", "https://greasyfork.org/en/users/37391-phairat", "1" 
"Abhishek Goyal", "https://greasyfork.org/en/users/58062-abhishek-goyal", "1" 
"Hemlck", "https://greasyfork.org/en/users/93011-hemlck", "1" 
"SuperPommeDeTerre", "https://greasyfork.org/en/users/107902-superpommedeterre", "1" 
"ŒπŒ∑?ŒπŒ∑Œπ—Ç ‚Ñì—îœáŒπ", "https://greasyfork.org/en/users/107255-%CE%B9%CE%B7-%CE%B9%CE%B7%CE%B9%D1%82-%E2%84%93%D1%94%CF%87%CE%B9", "6" 
"seanblue", "https://greasyfork.org/en/users/142658-seanblue", "9" 
"lightningking", "https://greasyfork.org/en/users/161413-lightningking", "1" 
"Mateo T", "https://greasyfork.org/en/users/26877-mateo-t", "3" 
"metro_turkey", "https://greasyfork.org/en/users/165831-metro-turkey", "1" 
"AllDiep", "https://greasyfork.org/en/users/165923-alldiep", "3" 
"michaelkl", "https://greasyfork.org/en/users/186648-michaelkl", "1" 
"SnowOfficial", "https://greasyfork.org/en/users/173828-snowofficial", "6" 
"Sv443", "https://greasyfork.org/en/users/184165-sv443", "7" 
"JordanOP v7BANNED", "https://greasyfork.org/en/users/111921-jordanop-v7", "4" 
"BluOmegaLol _", "https://greasyfork.org/en/users/237570-bluomegalol", "1" 
"KudoAmine", "https://greasyfork.org/en/users/226589-kudoamine", "3" 
"barnyruilt", "https://greasyfork.org/en/users/252323-barnyruilt", "1" 
"Ztefan :3BANNED", "https://greasyfork.org/en/users/291843-ztefan-3", "2" 
"Kxmode", "https://greasyfork.org/en/users/117937-kxmode", "6" 
"Sean Learas", "https://greasyfork.org/en/users/310956-sean-learas", "2" 
"RAZON", "https://greasyfork.org/en/users/324276-razon", "1" 
"killer 909", "https://greasyfork.org/en/users/374510-killer-909", "1" 
"AnimasyonFilmƒ∞zle T√ºrkce Dublaj Tek Par√ßa", "https://greasyfork.org/en/users/152910-animasyonfilmi-zle-t%C3%BCrkce-dublaj-tek-par%C3%A7a", "1" 
"kinglucifernatsu", "https://greasyfork.org/en/users/387449-kinglucifernatsu", "1" 
"King J0hnDoe", "https://greasyfork.org/en/users/227470-king-j0hndoe", "5" 
"Brawl Fun", "https://greasyfork.org/en/users/395654-brawl-fun", "1" 
"Scripts!", "https://greasyfork.org/en/users/413241-scripts", "1" 
"Â§©Èü≥", "https://greasyfork.org/en/users/164321-%E5%A4%A9%E9%9F%B3", "4" 
"beck", "https://greasyfork.org/en/users/435316-beck", "1" 
"!~ùïÄùïÑùï©ùîª‚Å¥‚ÇÜ¬π‚ÇÉ#4613", "https://greasyfork.org/en/users/313951-%F0%9D%95%80%F0%9D%95%84%F0%9D%95%A9%F0%9D%94%BB-4613", "2" 
"benny shen", "https://greasyfork.org/en/users/452613-benny-shen", "1" 
"Blank Script", "https://greasyfork.org/en/users/476747-blank-script", "5" 
"Josias Junior", "https://greasyfork.org/en/users/447624-josias-junior", "2" 
"curtidawg", "https://greasyfork.org/en/users/396807-curtidawg", "1" 
"Laryssa", "https://greasyfork.org/en/users/505928-laryssa", "1" 
"holden", "https://greasyfork.org/en/users/506133-holden", "1" 
"everbrez", "https://greasyfork.org/en/users/338592-everbrez", "1" 
"Element21", "https://greasyfork.org/en/users/551095-element21", "1" 
"anonymous kyb", "https://greasyfork.org/en/users/564362-anonymous-kyb", "1" 
"Desiry", "https://greasyfork.org/en/users/593916-desiry", "1" 
"Bluanr", "https://greasyfork.org/en/users/643648-bluanr", "1" 
"sindresorhus", "https://greasyfork.org/en/users/5548-sindresorhus", "1" 
"JoeSimmons", "https://greasyfork.org/en/users/321-joesimmons", "20" 
"Bit Torrentse", "https://greasyfork.org/en/users/748-bit-torrentse", "2" 
"levinit", "https://greasyfork.org/en/users/131965-levinit", "1" 
"scambier", "https://greasyfork.org/en/users/298475-scambier", "3" 
"kannibalox", "https://greasyfork.org/en/users/1057-kannibalox", "2" 
"Kawaizombi", "https://greasyfork.org/en/users/438715-kawaizombi", "1" 
"eight", "https://greasyfork.org/en/users/813-eight", "33" 
"Soulweaver", "https://greasyfork.org/en/users/5225-soulweaver", "2" 
"xxx", "https://greasyfork.org/en/users/7445-xxx", "10" 
"akarin", "https://greasyfork.org/en/users/7517-akarin", "9" 
"Drazen Bjelovuk", "https://greasyfork.org/en/users/11679-drazen-bjelovuk", "8" 
"Knowbody", "https://greasyfork.org/en/users/11757-knowbody", "3" 
"Gridtube Addon", "https://greasyfork.org/en/users/17654-gridtube-addon", "2" 
"baiano)", "https://greasyfork.org/en/users/16956-baiano", "4" 
"Josh.B", "https://greasyfork.org/en/users/12787-josh-b", "8" 
"Stig Nygaard", "https://greasyfork.org/en/users/14440-stig-nygaard", "4" 
"turtle clan", "https://greasyfork.org/en/users/52171-turtle-clan", "3" 
"TremorZ", "https://greasyfork.org/en/users/82931-tremorz", "6" 
"roblox gamer #julianpblo0553214", "https://greasyfork.org/en/users/127486-roblox-gamer-julianpblo0553214", "1" 
"Matteo Tomassetti", "https://greasyfork.org/en/users/150526-matteo-tomassetti", "1" 
"MutationObserver", "https://greasyfork.org/en/users/27283-mutationobserver", "4" 
"Tungtata", "https://greasyfork.org/en/users/152841-tungtata", "1" 
"Comebackist", "https://greasyfork.org/en/users/18768-comebackist", "6" 
"mugi sus", "https://greasyfork.org/en/users/161581-mugi-sus", "2" 
"Sparks", "https://greasyfork.org/en/users/161669-sparks", "1" 
"Herioc Gota", "https://greasyfork.org/en/users/168594-herioc-gota", "1" 
"Michael Vu", "https://greasyfork.org/en/users/169540-michael-vu", "3" 
"Super Gamer", "https://greasyfork.org/en/users/175825-super-gamer", "1" 
"Blurt Blaxter", "https://greasyfork.org/en/users/178887-blurt-blaxter", "1" 
"Nelson Cornejo", "https://greasyfork.org/en/users/185709-nelson-cornejo", "1" 
"The Gamer Pain8692", "https://greasyfork.org/en/users/190924-the-gamer-pain8692", "1" 
"Collin Chaffin", "https://greasyfork.org/en/users/105690-collin-chaffin", "1" 
"Tim Linden", "https://greasyfork.org/en/users/197728-tim-linden", "1" 
"Meow meowÈòøÂñµ", "https://greasyfork.org/en/users/194141-meow-meow%E9%98%BF%E5%96%B5", "1" 
"Major Diabetes", "https://greasyfork.org/en/users/219030-major-diabetes", "4" 
"gofgo", "https://greasyfork.org/en/users/177692-gofgo", "5" 
"Prof_Bum", "https://greasyfork.org/en/users/232220-prof-bum", "8" 
"Ananda", "https://greasyfork.org/en/users/238153-ananda", "1" 
"ÂåÜÂåÜËøáÂÆ¢", "https://greasyfork.org/en/users/234511-%E5%8C%86%E5%8C%86%E8%BF%87%E5%AE%A2", "7" 
"YXYQUEENYXY", "https://greasyfork.org/en/users/248211-yxyqueenyxy", "1" 
"A random channel", "https://greasyfork.org/en/users/284219-a-random-channel", "3" 
"mrkapqa", "https://greasyfork.org/en/users/307480-mrkapqa", "1" 
"akiirui", "https://greasyfork.org/en/users/224162-akiirui", "2" 
"honganhYT", "https://greasyfork.org/en/users/288538-honganhyt", "1" 
"w44", "https://greasyfork.org/en/users/321849-w44", "4" 
"UwU UnU", "https://greasyfork.org/en/users/282883-uwu-unu", "1" 
"–§–µ–ª–∫–∏—Å", "https://greasyfork.org/en/users/393261-%D1%84%D0%B5%D0%BB%D0%BA%D0%B8%D1%81", "2" 
"FilipKZhong", "https://greasyfork.org/en/users/401091-filipkzhong", "2" 
"shortbread31", "https://greasyfork.org/en/users/420396-shortbread31", "1" 
"Superior", "https://greasyfork.org/en/users/215121-superior", "3" 
"Antonio Calla Cahuantico", "https://greasyfork.org/en/users/433430-antonio-calla-cahuantico", "1" 
"SBB", "https://greasyfork.org/en/users/387429-sbb", "5" 
"Slenderman", "https://greasyfork.org/en/users/193360-slenderman", "1" 
"l1xnan", "https://greasyfork.org/en/users/107840-l1xnan", "1" 
"X.I.U", "https://greasyfork.org/en/users/457025-x-i-u", "1" 
"Adam Robles", "https://greasyfork.org/en/users/467822-adam-robles", "1" 
"Fire Rage2", "https://greasyfork.org/en/users/295751-fire-rage2", "2" 
"mxdh", "https://greasyfork.org/en/users/447420-mxdh", "1" 
"MjKey", "https://greasyfork.org/en/users/519758-mjkey", "1" 
"justanon", "https://greasyfork.org/en/users/580974-justanon", "1" 
"XANADryden", "https://greasyfork.org/en/users/651852-xanadryden", "1" 
"i want account pls", "https://greasyfork.org/en/users/663056-i-want-account-pls", "1" 
"thedjchi", "https://greasyfork.org/en/users/665581-thedjchi", "1" 
"benzBrake", "https://greasyfork.org/en/users/16759-benzbrake", "3" 
"RhosVeedcy", "https://greasyfork.org/en/users/90-rhosveedcy", "9" 
"Hacksign", "https://greasyfork.org/en/users/8557-hacksign", "2" 
"CnN", "https://greasyfork.org/en/users/6034-cnn", "2" 
"Quackmaster", "https://greasyfork.org/en/users/181-quackmaster", "2" 
"Meisterlala", "https://greasyfork.org/en/users/49780-meisterlala", "1" 
"skeeto", "https://greasyfork.org/en/users/2022-skeeto", "7" 
"Jim Smith", "https://greasyfork.org/en/users/38524-jim-smith", "13" 
"ÈªëÂ±±Êù±Èõ≤ÂÖâÂúàÁ†îÁ©∂ÊâÄ", "https://greasyfork.org/en/users/155548-%E9%BB%91%E5%B1%B1%E6%9D%B1%E9%9B%B2%E5%85%89%E5%9C%88%E7%A0%94%E7%A9%B6%E6%89%80", "7" 
"HCLonely", "https://greasyfork.org/en/users/133492-hclonely", "23" 
"SEBAS204", "https://greasyfork.org/en/users/201157-sebas204", "1" 
"Gabriele Lucci", "https://greasyfork.org/en/users/210386-gabriele-lucci", "1" 
"IzzySoft", "https://greasyfork.org/en/users/25462-izzysoft", "7" 
"Timbones", "https://greasyfork.org/en/users/3339-timbones", "3" 
"greendev", "https://greasyfork.org/en/users/183019-greendev", "15" 
"Sainte Celery", "https://greasyfork.org/en/users/221635-sainte-celery", "11" 
"navchandar", "https://greasyfork.org/en/users/302262-navchandar", "5" 
"goodwin64", "https://greasyfork.org/en/users/25920-goodwin64", "7" 
"hikerpig", "https://greasyfork.org/en/users/325041-hikerpig", "4" 
"trespassersW", "https://greasyfork.org/en/users/5-trespassersw", "7" 
"GroundZeroCommunications", "https://greasyfork.org/en/users/11107-groundzerocommunications", "1" 
"Vance", "https://greasyfork.org/en/users/12628-vance", "1" 
"Schegge", "https://greasyfork.org/en/users/12632-schegge", "4" 
"Roy192", "https://greasyfork.org/en/users/10938-roy192", "2" 
"Johannes Mikulasch", "https://greasyfork.org/en/users/28117-johannes-mikulasch", "1" 
"jonnydark", "https://greasyfork.org/en/users/46949-jonnydark", "1" 
"Arnie", "https://greasyfork.org/en/users/53517-arnie", "5" 
"DD3R", "https://greasyfork.org/en/users/55982-dd3r", "3" 
"MilkyWxxÏïÑÎ¶¨", "https://greasyfork.org/en/users/65196-milkywxx%EC%95%84%EB%A6%AC", "2" 
"Mistik", "https://greasyfork.org/en/users/66226-mistik", "2" 
"Bull - Agario", "https://greasyfork.org/en/users/67982-bull-agario", "1" 
"pp__gg", "https://greasyfork.org/en/users/85765-pp-gg", "2" 
"JustinS83 Waze", "https://greasyfork.org/en/users/30701-justins83-waze", "30" 
"namesnipes", "https://greasyfork.org/en/users/120115-namesnipes", "1" 
"Jackeriss", "https://greasyfork.org/en/users/126472-jackeriss", "1" 
"Gerald", "https://greasyfork.org/en/users/48-gerald", "15" 
"DoomTay", "https://greasyfork.org/en/users/17147-doomtay", "27" 
"NotNeo", "https://greasyfork.org/en/users/102387-notneo", "17" 
"Jigen", "https://greasyfork.org/en/users/57157-jigen", "12" 
"Prahlad Yeri", "https://greasyfork.org/en/users/20294-prahlad-yeri", "3" 
"A Programmer", "https://greasyfork.org/en/users/165215-a-programmer", "7" 
"GrozaVlogs", "https://greasyfork.org/en/users/63488-grozavlogs", "12" 
"Code Hz", "https://greasyfork.org/en/users/184910-code-hz", "1" 
"MasterPtato", "https://greasyfork.org/en/users/58797-masterptato", "4" 
"hello123", "https://greasyfork.org/en/users/190574-hello123", "2" 
"Mr. Perseus", "https://greasyfork.org/en/users/179973-mr-perseus", "3" 
"valacar", "https://greasyfork.org/en/users/4964-valacar", "12" 
"Phung Ngoc Nguyen", "https://greasyfork.org/en/users/198348-phung-ngoc-nguyen", "3" 
"Pibito Forro", "https://greasyfork.org/en/users/127637-pibito-forro", "5" 
"felice", "https://greasyfork.org/en/users/214777-felice", "2" 
"Pain", "https://greasyfork.org/en/users/198872-pain", "1" 
"Near King", "https://greasyfork.org/en/users/220366-near-king", "1" 
"INSANE", "https://greasyfork.org/en/users/225967-insane", "2" 
"Get Rekt", "https://greasyfork.org/en/users/235031-get-rekt", "1" 
"AngusWR", "https://greasyfork.org/en/users/244874-anguswr", "1" 
"Skarich Ros", "https://greasyfork.org/en/users/235607-skarich-ros", "2" 
"Christian Karl", "https://greasyfork.org/en/users/285406-christian-karl", "1" 
"IOGar Bots", "https://greasyfork.org/en/users/290172-iogar-bots", "2" 
"Alejandro Minder", "https://greasyfork.org/en/users/222470-alejandro-minder", "9" 
"XarziYT", "https://greasyfork.org/en/users/297548-xarziyt", "1" 
"maxi01", "https://greasyfork.org/en/users/316664-maxi01", "1" 
"–æ–ª—å–≥–∞ –∫–æ—Ä—è–∫", "https://greasyfork.org/en/users/317175-%D0%BE%D0%BB%D1%8C%D0%B3%D0%B0-%D0%BA%D0%BE%D1%80%D1%8F%D0%BA", "3" 
"RICH MORUQ", "https://greasyfork.org/en/users/318983-rich-moruq", "1" 
"Dani√´l ten Bosch", "https://greasyfork.org/en/users/323349-dani%C3%ABl-ten-bosch", "3" 
"Brine Boy Gaming", "https://greasyfork.org/en/users/292159-brine-boy-gaming", "1" 
"tlrib", "https://greasyfork.org/en/users/388416-tlrib", "1" 
"NeoCortex", "https://greasyfork.org/en/users/12790-neocortex", "6" 
"Classy Code", "https://greasyfork.org/en/users/406993-classy-code", "1" 
"notintheearth", "https://greasyfork.org/en/users/414961-notintheearth", "1" 
"TC Asosyal HD", "https://greasyfork.org/en/users/397330-tc-asosyal-hd", "8" 
"tannerbryant", "https://greasyfork.org/en/users/416653-tannerbryant", "2" 
"Lexi Hill", "https://greasyfork.org/en/users/394865-lexi-hill", "1" 
"driver8", "https://greasyfork.org/en/users/3260-driver8", "19" 
"Keith Boudreau", "https://greasyfork.org/en/users/445494-keith-boudreau", "7" 
"Luffa", "https://greasyfork.org/en/users/435305-luffa", "4" 
"Greasy Fork - Polska", "https://greasyfork.org/en/users/464331-greasy-fork-polska", "1" 
"MeowMeowCatPersonThing", "https://greasyfork.org/en/users/467311-meowmeowcatpersonthing", "8" 
"KaKi87", "https://greasyfork.org/en/users/430889-kaki87", "3" 
"Synthity", "https://greasyfork.org/en/users/473874-synthity", "1" 
"kesto", "https://greasyfork.org/en/users/476995-kesto", "2" 
"fts3232", "https://greasyfork.org/en/users/495073-fts3232", "1" 
"k0ntra", "https://greasyfork.org/en/users/559600-k0ntra", "1" 
"May_beeline", "https://greasyfork.org/en/users/562862-may-beeline", "1" 
"Aar318", "https://greasyfork.org/en/users/563892-aar318", "2" 
"Maksim Stoyanov (stomaks)", "https://greasyfork.org/en/users/189193-maksim-stoyanov-stomaks", "6" 
"EpicPlays", "https://greasyfork.org/en/users/572931-epicplays", "1" 
"pangdawang", "https://greasyfork.org/en/users/573601-pangdawang", "1" 
"rxss", "https://greasyfork.org/en/users/574646-rxss", "1" 
"testfirst", "https://greasyfork.org/en/users/587153-testfirst", "1" 
"Nesilar", "https://greasyfork.org/en/users/597232-nesilar", "1" 
"enefi", "https://greasyfork.org/en/users/613440-enefi", "1" 
"MrMike", "https://greasyfork.org/en/users/250979-mrmike", "7" 
"Dmitriy Gushchin", "https://greasyfork.org/en/users/651750-dmitriy-gushchin", "1" 
"bernd", "https://greasyfork.org/en/users/395252-bernd", "2" 
"ruter", "https://greasyfork.org/en/users/110377-ruter", "6" 
"Excigma", "https://greasyfork.org/en/users/416480-excigma", "1" 
"gslin", "https://greasyfork.org/en/users/13655-gslin", "23" 
"FR00GG 0N3", "https://greasyfork.org/en/users/664750-fr00gg-0n3", "2" 
"jerry1119", "https://greasyfork.org/en/users/665503-jerry1119", "1" 
"woold", "https://greasyfork.org/en/users/452524-woold", "6" 
"xp 7 editor gacha life", "https://greasyfork.org/en/users/666529-xp-7-editor-gacha-life", "1" 
"vizo", "https://greasyfork.org/en/users/218062-vizo", "8" 
"hateradio", "https://greasyfork.org/en/users/734-hateradio", "24" 
"hexist", "https://greasyfork.org/en/users/611-hexist", "1" 
"houseofdreams", "https://greasyfork.org/en/users/19939-houseofdreams", "2" 
"freakingprime", "https://greasyfork.org/en/users/1474-freakingprime", "1" 
"depositado", "https://greasyfork.org/en/users/2072-depositado", "5" 
"berestovskyy", "https://greasyfork.org/en/users/2075-berestovskyy", "2" 
"boku", "https://greasyfork.org/en/users/2086-boku", "3" 
"xymopen", "https://greasyfork.org/en/users/14344-xymopen", "11" 
"Twister-UK", "https://greasyfork.org/en/users/2391-twister-uk", "6" 
"In Pink Spring", "https://greasyfork.org/en/users/131929-in-pink-spring", "2" 
"WuChaolong", "https://greasyfork.org/en/users/165500-wuchaolong", "1" 
"–ß–µ—à–∏—Ä—Å–∫–∏–π –ö–æ—Ç–™", "https://greasyfork.org/en/users/3065-%D1%87%D0%B5%D1%88%D0%B8%D1%80%D1%81%D0%BA%D0%B8%D0%B9-%D0%BA%D0%BE%D1%82%D1%8A", "18" 
"AlexN-114", "https://greasyfork.org/en/users/2826-alexn-114", "2" 
"L_GBANNED", "https://greasyfork.org/en/users/3307-l-g", "2" 
"kittenparry", "https://greasyfork.org/en/users/247902-kittenparry", "9" 
"Thorou", "https://greasyfork.org/en/users/196913-thorou", "1" 
"tuff", "https://greasyfork.org/en/users/3831-tuff", "8" 
"ghostscript3r", "https://greasyfork.org/en/users/318236-ghostscript3r", "3" 
"infeeeee", "https://greasyfork.org/en/users/429436-infeeeee", "2" 
"Owyn", "https://greasyfork.org/en/users/47-owyn", "11" 
"Dillon Regimbal", "https://greasyfork.org/en/users/420789-dillon-regimbal", "4" 
"Ryzhehvost", "https://greasyfork.org/en/users/2205-ryzhehvost", "11" 
"sunfkny", "https://greasyfork.org/en/users/367486-sunfkny", "2" 
"zingy", "https://greasyfork.org/en/users/2698-zingy", "15" 
"Ben Loll", "https://greasyfork.org/en/users/227259-ben-loll", "7" 
"swole_hamster", "https://greasyfork.org/en/users/958-swole-hamster", "11" 
"Serj_LV", "https://greasyfork.org/en/users/6481-serj-lv", "2" 
"clickhappier-archive", "https://greasyfork.org/en/users/6438-clickhappier-archive", "49" 
"idmresettrial", "https://greasyfork.org/en/users/7553-idmresettrial", "7" 
"D√°ire", "https://greasyfork.org/en/users/11096-d%C3%A1ire", "1" 
"Qon", "https://greasyfork.org/en/users/11891-qon", "2" 
"Crush X Clan", "https://greasyfork.org/en/users/12811-crush-x-clan", "1" 
"Dummbroesel", "https://greasyfork.org/en/users/3332-dummbroesel", "4" 
"darkred", "https://greasyfork.org/en/users/2160-darkred", "39" 
"George Florea", "https://greasyfork.org/en/users/17136-george-florea", "1" 
"tegan", "https://greasyfork.org/en/users/18528-tegan", "1" 
"lazi3b0y", "https://greasyfork.org/en/users/23365-lazi3b0y", "1" 
"ningfei", "https://greasyfork.org/en/users/26137-ningfei", "2" 
"schwarztee", "https://greasyfork.org/en/users/27977-schwarztee", "6" 
"Nice ATC", "https://greasyfork.org/en/users/28820-nice-atc", "1" 
"buzz", "https://greasyfork.org/en/users/8981-buzz", "8" 
"864907600cc", "https://greasyfork.org/en/users/141-864907600cc", "24" 
"Benny-", "https://greasyfork.org/en/users/27393-benny", "2" 
"leoncastro", "https://greasyfork.org/en/users/30882-leoncastro", "12" 
"greg10", "https://greasyfork.org/en/users/4316-greg10", "43" 
"andryou", "https://greasyfork.org/en/users/36399-andryou", "3" 
"poopy", "https://greasyfork.org/en/users/57387-poopy", "1" 
"solskido", "https://greasyfork.org/en/users/59639-solskido", "1" 
"kurtninjago 1002", "https://greasyfork.org/en/users/65267-kurtninjago-1002", "1" 
"xdqi", "https://greasyfork.org/en/users/74051-xdqi", "1" 
"Diego_Chips", "https://greasyfork.org/en/users/24138-diego-chips", "8" 
"Mikhoul", "https://greasyfork.org/en/users/3930-mikhoul", "19" 
"Arnold Fran√ßois Lecherche", "https://greasyfork.org/en/users/4351-arnold-fran%C3%A7ois-lecherche", "9" 
"Kenzson Wall", "https://greasyfork.org/en/users/87354-kenzson-wall", "1" 
"Krusp Memes", "https://greasyfork.org/en/users/92823-krusp-memes", "2" 
"Nikels", "https://greasyfork.org/en/users/104771-nikels", "3" 
"Eli RichardsonBANNED", "https://greasyfork.org/en/users/49806-eli-richardson", "1" 
"usausausausak", "https://greasyfork.org/en/users/112088-usausausausak", "2" 
"@Âè≤Â©∑Èú≤", "https://greasyfork.org/en/users/138045-%E5%8F%B2%E5%A9%B7%E9%9C%B2", "2" 
"Tomorrow Boom", "https://greasyfork.org/en/users/139028-tomorrow-boom", "2" 
"Cindr Inc", "https://greasyfork.org/en/users/149288-cindr-inc", "1" 
"DarkSpy", "https://greasyfork.org/en/users/149828-darkspy", "2" 
"Tusky", "https://greasyfork.org/en/users/33566-tusky", "3" 
"wypok_spoko", "https://greasyfork.org/en/users/158691-wypok-spoko", "3" 
"Mr Trap", "https://greasyfork.org/en/users/64909-mr-trap", "1" 
"Alex2017", "https://greasyfork.org/en/users/160265-alex2017", "2" 
"BlackIcedTea", "https://greasyfork.org/en/users/163217-blackicedtea", "2" 
"Rene", "https://greasyfork.org/en/users/164150-rene", "1" 
"KronosCloud", "https://greasyfork.org/en/users/30619-kronoscloud", "5" 
"kairusds", "https://greasyfork.org/en/users/157016-kairusds", "1" 
"Graphen", "https://greasyfork.org/en/users/146295-graphen", "11" 
"kanchzzz", "https://greasyfork.org/en/users/172401-kanchzzz", "1" 
"Daniel Elrey", "https://greasyfork.org/en/users/175036-daniel-elrey", "1" 
"Bobocato", "https://greasyfork.org/en/users/167089-bobocato", "9" 
"WazeDev", "https://greasyfork.org/en/users/166843-wazedev", "49" 
"GoogleIt'sNone OfYourBusiness", "https://greasyfork.org/en/users/179233-googleit-snone-ofyourbusiness", "1" 
"laha", "https://greasyfork.org/en/users/180879-laha", "1" 
"–≤Œ¨≈ïŒÆŒØŒ¨ŒÆ", "https://greasyfork.org/en/users/186359-%D0%B2%CE%AC%C5%95%CE%AE%CE%AF%CE%AC%CE%AE", "1" 
"sunflowers", "https://greasyfork.org/en/users/5192-sunflowers", "4" 
"Too Long Didn't Watch", "https://greasyfork.org/en/users/192330-too-long-didn-t-watch", "1" 
"Flao", "https://greasyfork.org/en/users/127123-flao", "1" 
"…ÉITCOIN CHANNEL", "https://greasyfork.org/en/users/200063-%C6%80itcoin-channel", "2" 
"Sally Freitag", "https://greasyfork.org/en/users/201961-sally-freitag", "2" 
"nullEffort", "https://greasyfork.org/en/users/81651-nulleffort", "3" 
"FATU", "https://greasyfork.org/en/users/191331-fatu", "4" 
"demostanis", "https://greasyfork.org/en/users/205154-demostanis", "1" 
"jomifepe", "https://greasyfork.org/en/users/192987-jomifepe", "2" 
"Sheepo", "https://greasyfork.org/en/users/215617-sheepo", "1" 
"Hub 001", "https://greasyfork.org/en/users/218768-hub-001", "1" 
"tumnegg", "https://greasyfork.org/en/users/223733-tumnegg", "3" 
"DSR!", "https://greasyfork.org/en/users/158250-dsr", "4" 
"Icarus77", "https://greasyfork.org/en/users/5396-icarus77", "1" 
"EternalFrost", "https://greasyfork.org/en/users/229813-eternalfrost", "2" 
"cem", "https://greasyfork.org/en/users/27759-cem", "3" 
"RocketLS", "https://greasyfork.org/en/users/242165-rocketls", "1" 
"testFox", "https://greasyfork.org/en/users/245195-testfox", "1" 
"Xyllon", "https://greasyfork.org/en/users/246996-xyllon", "1" 
"thorlancaster", "https://greasyfork.org/en/users/248931-thorlancaster", "3" 
"AgarMinions", "https://greasyfork.org/en/users/250674-agarminions", "1" 
"mcwheezy", "https://greasyfork.org/en/users/253983-mcwheezy", "1" 
"1N07", "https://greasyfork.org/en/users/13303-1n07", "9" 
"Unknown911Caller", "https://greasyfork.org/en/users/282493-unknown911caller", "3" 
"Rini", "https://greasyfork.org/en/users/291507-rini", "2" 
"JellyfishYTBANNED", "https://greasyfork.org/en/users/301252-jellyfishyt", "1" 
"N I N J A", "https://greasyfork.org/en/users/217501-n-i-n-j-a", "1" 
"Ìó§Ïù¥ Ïñ¥ÎñªÏäµÎãàÍπå? ÎÇòÎäî ÌïúÍµ≠Ìó§Ïù¥ Ïñ¥", "https://greasyfork.org/en/users/306333-%ED%97%A4%EC%9D%B4-%EC%96%B4%EB%96%BB%EC%8A%B5%EB%8B%88%EA%B9%8C-%EB%82%98%EB%8A%94-%ED%95%9C%EA%B5%AD%ED%97%A4%EC%9D%B4-%EC%96%B4", "2" 
"Programador", "https://greasyfork.org/en/users/303213-programador", "3" 
"Aryan TechNinja", "https://greasyfork.org/en/users/305124-aryan-techninja", "3" 
"Frickno7767", "https://greasyfork.org/en/users/308611-frickno7767", "2" 
"Reece Richards", "https://greasyfork.org/en/users/310477-reece-richards", "1" 
"Jake Corral", "https://greasyfork.org/en/users/283641-jake-corral", "5" 
"habs", "https://greasyfork.org/en/users/72908-habs", "4" 
"jaccothebest123", "https://greasyfork.org/en/users/314924-jaccothebest123", "1" 
"Steve2955", "https://greasyfork.org/en/users/316751-steve2955", "1" 
"Niku Kikai", "https://greasyfork.org/en/users/318484-niku-kikai", "2" 
"Coinmaster", "https://greasyfork.org/en/users/332244-coinmaster", "1" 
"Youness Tais", "https://greasyfork.org/en/users/362327-youness-tais", "1" 
"Zimek", "https://greasyfork.org/en/users/141745-zimek", "12" 
"Octopod", "https://greasyfork.org/en/users/372368-octopod", "1" 
"Dima000", "https://greasyfork.org/en/users/373940-dima000", "1" 
"DannyWu", "https://greasyfork.org/en/users/153898-dannywu", "3" 
"ByElection", "https://greasyfork.org/en/users/382786-byelection", "1" 
"Mark Coder and Alan", "https://greasyfork.org/en/users/382454-mark-coder-and-alan", "1" 
"tortue678", "https://greasyfork.org/en/users/383739-tortue678", "8" 
"Larry L (iHavoc)", "https://greasyfork.org/en/users/212789-larry-l-ihavoc", "4" 
"abara", "https://greasyfork.org/en/users/209098-abara", "3" 
"ornicar", "https://greasyfork.org/en/users/388538-ornicar", "1" 
"Nertalide", "https://greasyfork.org/en/users/394564-nertalide", "1" 
"kay hoot", "https://greasyfork.org/en/users/394906-kay-hoot", "2" 
"Sonic.", "https://greasyfork.org/en/users/396923-sonic", "1" 
"hasha2982", "https://greasyfork.org/en/users/397951-hasha2982", "1" 
"Hoang tuan", "https://greasyfork.org/en/users/310114-hoang-tuan", "5" 
"NfoAlex", "https://greasyfork.org/en/users/232915-nfoalex", "2" 
"krisu", "https://greasyfork.org/en/users/872-krisu", "6" 
"Specy", "https://greasyfork.org/en/users/417000-specy", "6" 
"ItsMeEnderCreeperGames", "https://greasyfork.org/en/users/421423-itsmeendercreepergames", "1" 
"_ mogu", "https://greasyfork.org/en/users/59920-mogu", "2" 
"Legendzombs.io", "https://greasyfork.org/en/users/425092-legendzombs-io", "1" 
"Omario -", "https://greasyfork.org/en/users/310474-omario", "2" 
"l3mpik", "https://greasyfork.org/en/users/429985-l3mpik", "1" 
"ThaCheeseBun", "https://greasyfork.org/en/users/436131-thacheesebun", "1" 
"French Bond", "https://greasyfork.org/en/users/20482-french-bond", "3" 
"7kt SWE", "https://greasyfork.org/en/users/411857-7kt-swe", "2" 
"Ryoko", "https://greasyfork.org/en/users/440670-ryoko", "1" 
"ArMaX", "https://greasyfork.org/en/users/315960-armax", "3" 
"Shikimori Live", "https://greasyfork.org/en/users/308618-shikimori-live", "5" 
"Liten Play", "https://greasyfork.org/en/users/494804-liten-play", "1" 
"thiante piedra", "https://greasyfork.org/en/users/506602-thiante-piedra", "1" 
"realfakedoorz", "https://greasyfork.org/en/users/517405-realfakedoorz", "2" 
"Reddit Replay", "https://greasyfork.org/en/users/526367-reddit-replay", "3" 
"lenard g.", "https://greasyfork.org/en/users/527064-lenard-g", "2" 
"H1K3", "https://greasyfork.org/en/users/541696-h1k3", "2" 
"ROGERIO ANDRE FINAMORE", "https://greasyfork.org/en/users/542118-rogerio-andre-finamore", "1" 
"Drapinqs", "https://greasyfork.org/en/users/545961-drapinqs", "1" 
"rwesterhof", "https://greasyfork.org/en/users/457178-rwesterhof", "2" 
"Amster Plays", "https://greasyfork.org/en/users/553171-amster-plays", "2" 
"mountainsea", "https://greasyfork.org/en/users/541786-mountainsea", "30" 
"Jhonatan Bianchi", "https://greasyfork.org/en/users/562206-jhonatan-bianchi", "1" 
"John Dave", "https://greasyfork.org/en/users/559293-john-dave", "2" 
"Adam Warren", "https://greasyfork.org/en/users/200280-adam-warren", "2" 
"Uxc", "https://greasyfork.org/en/users/569271-uxc", "1" 
"AlexSeanchai", "https://greasyfork.org/en/users/571386-alexseanchai", "1" 
"Ariful Islam", "https://greasyfork.org/en/users/571584-ariful-islam", "1" 
"Obrain Face", "https://greasyfork.org/en/users/571887-obrain-face", "1" 
"vincells vincells", "https://greasyfork.org/en/users/574300-vincells-vincells", "1" 
"ËÜúÊ≥ïÂ∞ëÂπ¥ËÄÅËõ§", "https://greasyfork.org/en/users/88556-%E8%86%9C%E6%B3%95%E5%B0%91%E5%B9%B4%E8%80%81%E8%9B%A4", "1" 
"rommel js", "https://greasyfork.org/en/users/577915-rommel-js", "1" 
"NoCoolGood", "https://greasyfork.org/en/users/179984-nocoolgood", "2" 
"Karl Peter Skjelvik", "https://greasyfork.org/en/users/191257-karl-peter-skjelvik", "3" 
"Emerlender Selling", "https://greasyfork.org/en/users/476241-emerlender-selling", "2" 
"jpbberry", "https://greasyfork.org/en/users/162122-jpbberry", "2" 
"Hippppo", "https://greasyfork.org/en/users/663894-hippppo", "1" 
"–î–º–∏—Ç—Ä–∏–π –ë–µ–ª–æ–≥–æ—Ä–æ–¥–æ–≤", "https://greasyfork.org/en/users/663909-%D0%B4%D0%BC%D0%B8%D1%82%D1%80%D0%B8%D0%B9-%D0%B1%D0%B5%D0%BB%D0%BE%D0%B3%D0%BE%D1%80%D0%BE%D0%B4%D0%BE%D0%B2", "1" 
"Anwinity", "https://greasyfork.org/en/users/665604-anwinity", "3" 
"jasu", "https://greasyfork.org/en/users/665911-jasu", "1" 
"Waley-Z", "https://greasyfork.org/en/users/667131-waley-z", "1" 
"ich01", "https://greasyfork.org/en/users/31-ich01", "5" 
"nodaguti", "https://greasyfork.org/en/users/1453-nodaguti", "4" 
"Diony", "https://greasyfork.org/en/users/1649-diony", "1" 
"LouCypher", "https://greasyfork.org/en/users/4-loucypher", "34" 
"jnv", "https://greasyfork.org/en/users/4391-jnv", "5" 
"xiaoxia", "https://greasyfork.org/en/users/5288-xiaoxia", "1" 
"Magnilucent", "https://greasyfork.org/en/users/5181-magnilucent", "19" 
"hakuhin", "https://greasyfork.org/en/users/1586-hakuhin", "1" 
"dimotsai", "https://greasyfork.org/en/users/12061-dimotsai", "1" 
"reverland", "https://greasyfork.org/en/users/16562-reverland", "3" 
"schrauger", "https://greasyfork.org/en/users/9525-schrauger", "2" 
"David Mann", "https://greasyfork.org/en/users/29910-david-mann", "1" 
"raina", "https://greasyfork.org/en/users/1828-raina", "14" 
"Dun", "https://greasyfork.org/en/users/2196-dun", "8" 
"Jani Jan", "https://greasyfork.org/en/users/70415-jani-jan", "11" 
"Gia90", "https://greasyfork.org/en/users/97781-gia90", "1" 
"SLAPaper", "https://greasyfork.org/en/users/85415-slapaper", "4" 
"ifugu", "https://greasyfork.org/en/users/2306-ifugu", "3" 
"avrpunk", "https://greasyfork.org/en/users/2338-avrpunk", "3" 
"0x0001", "https://greasyfork.org/en/users/122182-0x0001", "1" 
"sidneys", "https://greasyfork.org/en/users/117710-sidneys", "21" 
